TransactionID,Vendor,PostingDate,Amount,Variance,Confidence,AI_Reason,Reviewed,Escalate,transaction_id,invoice_id,po_number,vendor_id,invoice_amount,transaction_type
TX-1000001,VENDOR-008,2025-10-25,23341.05,313.28,0.69,Conversion Error,TRUE,FALSE,TX-1000001,INV-00001,PO-00001,VENDOR-008,23341.05,invoice
TX-1000002,VENDOR-048,2025-10-27,23202.47,257.85,0.23,Unknown / Needs Review,TRUE,TRUE,TX-1000002,INV-00002,PO-00002,VENDOR-048,23202.47,invoice
TX-1000003,VENDOR-033,2025-10-08,400.36,200.18,0.55,Accrual Reversal,FALSE,TRUE,TX-1000003,INV-00003,PO-00003,VENDOR-033,400.36,invoice
TX-1000004,VENDOR-056,2025-09-22,24391.68,389.81,0.61,Missing Receipt,TRUE,FALSE,TX-1000004,INV-00004,PO-00004,VENDOR-056,24391.68,invoice
TX-1000005,VENDOR-049,2025-11-08,13997.54,164.87,0.63,Timing Difference,TRUE,FALSE,TX-1000005,INV-00005,PO-00005,VENDOR-049,13997.54,invoice
TX-1000006,VENDOR-023,2025-10-21,10305.21,19.49,0.93,Timing Difference,FALSE,FALSE,TX-1000006,INV-00006,PO-00006,VENDOR-023,10305.21,invoice
TX-1000007,VENDOR-036,2025-10-04,15252.51,327.05,0.65,Manual Entry Error,FALSE,FALSE,TX-1000007,INV-00007,PO-00007,VENDOR-036,15252.51,invoice
TX-1000008,VENDOR-015,2025-09-20,23414.93,362.1,0.64,Stale Master Data,FALSE,FALSE,TX-1000008,INV-00008,PO-00008,VENDOR-015,23414.93,invoice
TX-1000009,VENDOR-041,2025-10-25,22729.72,362.39,0.7,Missing Receipt,FALSE,FALSE,TX-1000009,INV-00009,PO-00009,VENDOR-041,22729.72,invoice
TX-1000010,VENDOR-060,2025-10-24,10477.05,127.31,0.64,Reference Data Misalignment,TRUE,FALSE,TX-1000010,INV-00010,PO-00010,VENDOR-060,10477.05,invoice
TX-1000011,VENDOR-060,2025-11-12,13352.92,111.27,0.57,Manual Entry Error,TRUE,FALSE,TX-1000011,INV-00011,PO-00011,VENDOR-060,13352.92,invoice
TX-1000012,VENDOR-018,2025-09-20,12846.36,109.81,0.36,Unknown / Needs Review,TRUE,TRUE,TX-1000012,INV-00012,PO-00012,VENDOR-018,12846.36,invoice
